Timestamp,Angulo Canela (S1),Angulo Pe (S2),Dorsiflexao,Peso (kg)
2025-11-18 15:36:26.612483,7.934833888214699,7.938761649922748,0.30770365720930665,5.446935068934181
2025-11-18 15:36:26.662963,6.728152901635314,6.679209258100909,0.25483225196685316,5.452672173283645
2025-11-18 15:36:26.717688,5.870562544915698,5.82553828067892,0.25875163126448003,5.456859363255717
2025-11-18 15:36:26.778009,5.760854807775809,5.8153205272439275,0.3582416149693764,5.462616919963693
2025-11-18 15:36:26.825713,6.078145449569615,6.190177144494106,0.4158075904257484,5.466819036962988
2025-11-18 15:36:26.894670,6.529470871065264,6.793773729817691,0.5680787542536843,5.46988592595153
2025-11-18 15:36:26.957172,6.724284632128325,7.178455076325595,0.7579463396985284,5.4721242758278095
2025-11-18 15:36:27.068681,6.454319214928459,7.02581827707967,0.8752749576524694,5.473757921581637
2025-11-18 15:36:27.124213,6.261195866292208,6.826034487712339,0.8686145169213892,5.474950227786394
2025-11-18 15:36:27.147706,5.913143530938356,6.393755620729438,0.7843879852923399,5.4758204250647395
2025-11-18 15:36:27.203213,5.617321492421001,6.199792281076523,0.88624668415678,5.476455533142143
2025-11-18 15:36:27.255918,5.312075037625052,5.82905298314594,0.820753841022146,5.47691906282671
2025-11-18 15:36:27.309800,5.232337350774451,5.727613831617847,0.7990523763446546,5.474555804968986
2025-11-18 15:36:27.364059,5.156289812824826,5.634802146647318,0.7822882293237496,5.472830995902768
2025-11-18 15:36:27.418617,5.019281950874937,5.550032283578015,0.8345262282043358,5.471572154719979
2025-11-18 15:36:27.471945,4.998141008184605,5.698045180025573,1.0036800673422253,5.470653397302158
2025-11-18 15:36:27.528961,5.077731802983345,5.613221649959365,0.839265742477278,5.467281285789795
2025-11-18 15:36:27.580302,5.266590901559474,5.561042645476323,0.5982276394181065,5.464820171147949
2025-11-18 15:36:27.678067,5.114249234262671,5.245539222121505,0.4350658833600925,5.463023941914798
2025-11-18 15:36:27.687891,3.751433695288686,2.531034128799449,-0.9166236709879794,5.459011413049666
2025-11-18 15:36:27.742638,-4.227901032724635,-7.332517416638012,-2.8008404884121196,5.456082893781058
2025-11-18 15:36:27.800134,-2.4157062277351535,-3.568091258260241,-0.8486091350238296,5.451243970066571
2025-11-18 15:36:27.850024,-2.9383744893743344,-2.0942185079519593,1.147931876923633,5.44771231165214
2025-11-18 15:36:27.903296,-0.8695440623959669,-0.1284329002013036,1.0448870576959213,5.445134752697413
2025-11-18 15:36:27.977459,1.8495273139890487,1.8407040191110124,0.29495260062322176,5.4837769690857385
2025-11-18 15:36:28.013444,0.6536805034267035,2.1283714989628675,1.778466891037422,5.511979750675891
2025-11-18 15:36:28.066057,0.8989760814187961,2.121804969250561,1.526604783333023,5.967514876741916
2025-11-18 15:36:28.120213,1.2928117240514563,1.1788555699807102,0.1898197414305119,7.410326389566762
2025-11-18 15:36:28.173890,1.9972932198894051,1.0188609937785085,-0.6746563306096387,8.463353409642878
2025-11-18 15:36:28.234431,-0.3495620263714081,-0.709586429068799,-0.05624850719613289,11.136499932670631
2025-11-18 15:36:28.293537,-1.2818655585032914,-2.7064422350356567,-1.1208007810311074,13.087479317260659
2025-11-18 15:36:28.336349,-2.728668153985333,-3.9782662648936937,-0.945822215407103,18.01531556984446
2025-11-18 15:36:28.411250,-3.7023378799182303,-5.915845081689793,-1.9097313062703045,27.46074823472736
2025-11-18 15:36:28.443699,-8.611228135066977,-8.473021587309281,0.4419824432589535,34.3544385913774
2025-11-18 15:36:28.505184,-5.860105009289137,-10.521031021461905,-4.35715011667151,46.299053137254305
2025-11-18 15:36:28.559474,-5.416877249718591,-11.979675373330476,-6.259022228110627,60.82241285827149
2025-11-18 15:36:28.612434,-5.966059491816979,-7.86475835041255,-1.5949229630943131,71.4221967334106
2025-11-18 15:36:28.705188,2.681709549404215,1.7834151841312673,-0.5945184697716899,81.02246101209676
2025-11-18 15:36:28.713478,10.722723473311081,10.625364143020015,0.20641656521019153,88.0291542602863
2025-11-18 15:36:28.808351,8.11732072977372,9.993315552713621,2.1797707184411594,93.14024424067975
2025-11-18 15:36:28.822222,-18.67974719261528,0.8289224580685399,19.812445546185078,96.68413372724535
2025-11-18 15:36:28.915488,-15.361208834621447,-1.4527819902126318,14.212202739910074,99.27061945482819
2025-11-18 15:36:28.930339,-14.031314062120973,-5.544755348631688,8.790334608990543,101.050287511438
2025-11-18 15:36:28.985460,-16.317601918740632,-12.526677552484955,4.094700261756935,102.34916718748536
2025-11-18 15:36:29.048608,-21.40224191624852,-22.633104041129727,-0.927086229379948,103.20529333853847
2025-11-18 15:36:29.205162,-23.703034288003668,-15.981853098942985,8.024957084561942,103.68694889944709
2025-11-18 15:36:29.254508,-15.35340227218427,-7.796599775292735,7.860578392392793,104.03848221859334
2025-11-18 15:36:29.307543,-6.432806230356954,-1.9518669832834092,4.784715142574803,104.21399976432986
2025-11-18 15:36:29.377548,-1.3572277665874077,0.8774439438810986,2.5384476059697643,104.19891736250247
2025-11-18 15:36:29.414676,3.331834522177763,3.8474521633267327,0.8193935366502276,104.18790956521843
2025-11-18 15:36:29.469504,6.044520288323497,6.167838653383354,0.42709426056111527,104.14745684732407
2025-11-18 15:36:29.528840,14.63048935625708,11.064431951327546,-3.262281509428276,104.11793268245674
2025-11-18 15:36:29.581708,26.56412190317863,11.416684258913158,-14.843661748764214,103.98021748302381
2025-11-18 15:36:29.631615,21.519651791349766,11.224033620588292,-9.991842275260215,103.15028512813296
2025-11-18 15:36:29.687304,16.57858069133433,9.611344049536932,-6.663460746296141,102.54456415435016
2025-11-18 15:36:29.751029,11.70526648798655,8.272321681912912,-3.129168910572381,100.80032952307374
2025-11-18 15:36:29.813134,7.492673115589816,7.086491759093372,-0.10240546099518605,99.52731071239941
2025-11-18 15:36:29.918084,8.79563783346143,8.52944098379464,0.03757904583446697,95.68051875304263
2025-11-18 15:36:29.957702,13.440594529834186,11.836492775197957,-1.3003258591349711,92.87296153728494
2025-11-18 15:36:30.033892,4.366128598628238,5.648511846423172,1.5861591432961912,90.82388334354982
2025-11-18 15:36:30.061730,3.0084263433312266,10.240169952578349,7.53551950474838,89.32837635246142
2025-11-18 15:36:30.125847,14.011980916839176,18.263704522263524,4.555499500925605,90.05504117081
2025-11-18 15:36:30.170379,14.84165928830159,19.848990508096374,5.311107115296042,86.83832631587393
2025-11-18 15:36:30.225029,9.951767855342109,12.373202631632152,2.7252106717913014,84.49062696081819
2025-11-18 15:36:30.278835,6.317435258019243,5.490954650760472,-0.5227047117575134,80.75910626745645
2025-11-18 15:36:30.340155,1.084139849053047,-1.1232655914753886,-1.9036295450271776,78.03567906913486
2025-11-18 15:36:30.386311,-3.8316989444862397,-7.044284835330477,-2.9088099953429793,76.18848387619255
2025-11-18 15:36:30.438651,-9.642416271325603,-13.793258163461662,-3.847065996634801,74.96999492086252
2025-11-18 15:36:30.498558,-17.860916905614772,-23.28501254605168,-5.120319744935649,74.08068832591198
2025-11-18 15:36:30.559332,-25.053411446005324,-30.739854133326315,-5.382666791819733,73.52078498176343
2025-11-18 15:36:30.608324,-2.3502878196156267,-0.5549357643092314,2.0991279508076532,73.11214300408392
2025-11-18 15:36:30.657205,4.917301358863578,3.783767580804586,-0.8297578825577343,72.89494505866605
2025-11-18 15:36:30.730874,10.260095329328827,8.013405432404568,-1.9429140014230013,72.77424635707212
2025-11-18 15:36:30.765097,12.829315112883934,10.245896275379,-2.279642942003677,72.6861551594775
2025-11-18 15:36:30.818816,12.051903135842883,10.011332391849042,-1.7367948484925835,72.53811392044372
2025-11-18 15:36:30.876042,13.218147884333757,11.48948312582853,-1.4248888630039689,72.43006694174801
2025-11-18 15:36:30.948187,13.894966102823139,11.719603070222094,-1.8715871370997865,72.37282202247115
2025-11-18 15:36:30.980841,18.774836490295815,12.132499222294365,-6.338561372500192,72.78220304756178
2025-11-18 15:36:31.035976,17.771970894943827,12.5295460815275,-4.93864891791507,73.08098724570118
2025-11-18 15:36:31.106784,15.045904981328828,11.616861031851013,-3.1252680539765576,73.78263265595524
2025-11-18 15:36:31.142224,11.125987038818444,10.17961855361012,-0.6425925897070668,74.55137260137417
2025-11-18 15:36:31.205819,8.156063043519286,8.95847554196317,1.1061883939451418,75.11243267522514
2025-11-18 15:36:31.250187,4.535104779070788,6.855938215880313,2.624609332310783,76.2621469054211
2025-11-18 15:36:31.306736,2.03900459527884,5.501248331883109,3.766019632105527,77.10125869445073
2025-11-18 15:36:31.360171,1.2478199486981278,5.0735911922631844,4.1295471390663145,80.79075847443892
2025-11-18 15:36:31.443297,4.241901266963325,7.905433787110841,3.967308415648774,90.96684403900872
2025-11-18 15:36:31.465795,5.917063728152277,2.029579559391183,-3.5837082732598358,98.39379687577275
2025-11-18 15:36:31.520394,2.5179382754082904,7.065816096220159,4.851653716313126,108.51503035497262
2025-11-18 15:36:31.574213,15.802417795151063,10.640281898503495,-4.85836000114631,115.90194973796315
2025-11-18 15:36:31.629531,16.53582015292234,17.267166705549545,1.0351224481284627,117.10312411691484
2025-11-18 15:36:31.697473,10.812887465342538,10.703569455174605,0.1944578853333257,109.28616687782232
2025-11-18 15:36:31.744530,6.551431689618344,3.0224497872297906,-3.225206006887295,103.58100919480603
2025-11-18 15:36:31.796355,3.200533445448735,-1.895913200330079,-4.792670750277556,97.20725748645418
2025-11-18 15:36:31.865279,0.5164162008089153,-5.014650052493078,-5.227290357800736,92.55541439504123
2025-11-18 15:36:31.900511,-4.487032941129193,-10.358513028475805,-5.567704191845354,89.2467455992246
2025-11-18 15:36:31.971088,-10.46787456677048,-17.110070781746174,-6.338420319474436,86.81842642103038
2025-11-18 15:36:32.006146,-17.500557769252843,-24.672665291170873,-6.868331626416771,85.04613275323209
2025-11-18 15:36:32.060839,-11.106638339390567,-12.25784431665637,-0.8474300817645455,83.72561960786334
2025-11-18 15:36:32.115146,-7.477237292599453,-8.914064054615658,-1.1330508665149468,82.7618512915742
2025-11-18 15:36:32.469245,-2.3480085780888604,-3.7344401589915144,-1.082655685401396,81.88825255925622
2025-11-18 15:36:32.882370,-2.402756185920926,-1.5886353179817472,1.1178967634404366,81.52892284938389
2025-11-18 15:36:33.081935,2.5541110767055617,-3.9290099610300837,-6.1793451422343875,95.84699904745685
2025-11-18 15:36:33.190535,-1.2267669679201032,-1.9739852505441169,-0.4434423871227557,101.69079460615649
2025-11-18 15:36:33.232035,-4.084191831291472,-5.528218599751291,-1.1402508729585614,100.48248764124583
2025-11-18 15:36:33.290550,-3.9117014276862054,-8.273794164831545,-4.058316841644081,99.47634045129416
2025-11-18 15:36:33.342642,-6.342489889182954,-10.798482011463436,-4.152216226779224,98.7420101747648
2025-11-18 15:36:33.395248,-7.631056505167131,-12.11275313639035,-4.17792073572196,98.27360283697271
2025-11-18 15:36:33.450077,-10.478972389730963,-14.907597206007795,-4.124848920775574,97.93173865117205
2025-11-18 15:36:33.500742,-15.045920470219412,-19.51158241144593,-4.161886045725258,97.70114213361194
2025-11-18 15:36:33.563419,-19.244715284919675,-24.475126540482222,-4.926635360061289,97.54094738406275
2025-11-18 15:36:33.615329,-18.25218994611491,-21.244476279182514,-2.688510437566346,97.4240302412145
2025-11-18 15:36:33.662670,0.7413847153232744,-5.837177475930229,-6.274786295752246,97.34950523925545
2025-11-18 15:36:33.720881,3.935291633650023,-1.341226165486491,-4.972741903635256,97.29511362951598
2025-11-18 15:36:33.772007,9.989131241717557,4.292514126254813,-5.392841219961485,97.2608193752585
2025-11-18 15:36:33.825327,10.738370770723094,6.802621562892283,-3.631973312329553,97.24659617529505
2025-11-18 15:36:33.879455,11.714309961254745,8.349586320637556,-3.0609477451159313,97.23621546115464
2025-11-18 15:36:33.947296,13.651307194922694,9.322907458861911,-4.024623840559525,97.31238758710242
2025-11-18 15:36:33.989740,13.154000830920204,10.419670070026772,-2.430554865392174,97.36798134005403
2025-11-18 15:36:34.043420,12.9446364224988,11.074961085521897,-1.5658994414756444,97.67060762081928
2025-11-18 15:36:34.101049,14.005484744339217,12.114313891950797,-1.5873949568871621,98.18054467866386
2025-11-18 15:36:34.148897,10.755356731458798,11.687034268353065,1.2354534323955244,98.55271907266797
2025-11-18 15:36:34.226943,8.915546866324677,10.10185749769518,1.4900865268717611,99.16744663130885
2025-11-18 15:36:34.316267,7.304127804313445,10.377454244284017,3.3771023354718297,100.4562875402953
2025-11-18 15:36:34.364352,3.6793106073085156,7.062282528622556,3.6867478168152985,103.83645066480494
2025-11-18 15:36:34.423580,-3.1721338350614907,1.4349048037557237,4.910814534318472,106.30344172408877
2025-11-18 15:36:34.473131,0.8404626556219439,3.6198427182644437,3.0831559581437578,111.35934217712929
2025-11-18 15:36:34.528442,2.6165148801980043,-0.29437350802510753,-2.607112492721854,115.0493597161767
2025-11-18 15:36:34.585218,1.9411400909446246,3.523613154897175,1.8862489594538085,117.89108201166346
2025-11-18 15:36:34.635114,10.798210602851832,10.601949027938879,0.1075143205883054,116.59084429033464
2025-11-18 15:36:34.688964,13.770793131688473,17.116625682693474,3.6496084465062593,115.64187386633239
2025-11-18 15:36:34.743358,8.370364291280008,13.176024586588627,5.109436190809876,111.53990230343697
2025-11-18 15:36:34.796717,6.7189290263463555,7.241795751758446,0.8266426209133488,108.54610383917861
2025-11-18 15:36:34.850583,-0.4215592099252756,0.510069077655622,1.2354041830821556,106.33948613018038
2025-11-18 15:36:34.906705,-2.588552490915515,-3.366536338192298,-0.47420795177552527,104.73440302673225
2025-11-18 15:36:34.962466,-6.406300565404555,-8.733246611976345,-2.0231701510705316,103.56294309425175
2025-11-18 15:36:35.022694,-11.285336825402263,-14.659306835800209,-3.0701941148966876,102.68094471830227
2025-11-18 15:36:35.065692,-18.46314115426259,-23.40028994357258,-4.633372893808732,102.03722368247509
2025-11-18 15:36:35.162345,-20.672077165057797,-23.720759855121795,-2.7449067945627403,101.54849694835866
2025-11-18 15:36:35.174976,-1.582681625628318,-9.183430534896237,-7.296973013766661,101.18639965313378
2025-11-18 15:36:35.239792,4.915630735175817,-3.266754656791788,-7.878609496466347,100.92212519151508
2025-11-18 15:36:35.287055,10.640222760533923,3.2275330433356206,-7.108913821697045,100.7103351825117
2025-11-18 15:36:35.336547,12.640493337441645,6.130058394110176,-6.206659047830212,100.48281938284708
2025-11-18 15:36:35.390398,13.517880244073773,8.357424080089567,-4.856680268482948,100.31676838976091
2025-11-18 15:36:35.465108,13.336828200676349,9.951090801952121,-3.0819615032229697,100.19557710394474
2025-11-18 15:36:35.507771,12.728864558073186,10.046660092826695,-2.3784285697452328,100.10712639681697
2025-11-18 15:36:35.554319,14.650856786850131,15.263671946368412,0.9165910550195386,100.228978983856
2025-11-18 15:36:35.627769,10.502377059857537,14.29046391185014,4.0918627474938605,100.61778573275114
2025-11-18 15:36:35.660297,7.75913244820701,12.492369898941512,5.037013346235759,100.90155392321321
2025-11-18 15:36:35.751823,6.899362880729194,11.136851298235245,4.541264313007309,101.57062749659235
2025-11-18 15:36:35.771174,6.301609168963917,9.14031251059761,3.1424792371349515,102.0589466879228
2025-11-18 15:36:35.828045,4.895753980778053,8.999118350787167,4.407140265510373,103.75531822722405
2025-11-18 15:36:35.878560,1.3887650225070738,5.541884960729057,4.456895833723241,108.94849139934013
2025-11-18 15:36:35.938235,2.7207793153701703,6.553155962450935,4.136152542582023,112.73869657968498
2025-11-18 15:36:35.992664,2.3950237403190067,6.003175991274741,3.9119281464569924,121.4213753262793
2025-11-18 15:36:36.094392,4.518555125313961,0.7465729135536616,-3.4682063162590415,127.75837447379672
2025-11-18 15:36:36.164887,19.37884076915339,25.24979833851745,6.17473346486532,131.08934568212135
2025-11-18 15:36:36.213489,22.71021836169949,30.081420420237855,7.6749779540396235,133.52043432695064
2025-11-18 15:36:36.260608,16.226776404717306,22.630340880984747,6.707340371768699,128.43007992911043
2025-11-18 15:36:36.317768,7.571193486966772,12.322678695655899,5.055261104190385,124.71491639247506
2025-11-18 15:36:36.450547,0.15081527619971435,5.302285000693754,5.4552456199952974,120.78772440995817
2025-11-18 15:36:36.473334,-1.7231529702860722,0.44042356157586493,2.467352427363195,118.09168615021008
2025-11-18 15:36:36.526119,-5.162762283168817,-5.079147307959497,0.38739087071057826,116.17803061615086
2025-11-18 15:36:36.576042,-11.55142488057096,-13.162593828058835,-1.307393051986618,114.78136101200107
2025-11-18 15:36:36.673765,-17.481702471245555,-21.047359622392644,-3.2618812556458314,113.81874318183691
2025-11-18 15:36:36.683888,-16.946545993105605,-21.063700101885903,-3.81337821327904,113.17561690476214
2025-11-18 15:36:36.740621,4.515726195411524,3.730970100387097,-0.4809801995231692,112.70623518645698
2025-11-18 15:36:36.794227,4.397380973041825,5.3199287661440655,1.2263236886034985,112.40148172475347
2025-11-18 15:36:36.847891,9.163071409998745,9.15005355448817,0.290758039990684,112.17905930381858
2025-11-18 15:36:36.900234,11.17754431342667,10.630967113204997,-0.2428013047204151,112.02483036791455
2025-11-18 15:36:36.977573,11.808213395567856,12.265160285070431,0.760722785003833,111.91496889921291
2025-11-18 15:36:37.009356,13.311285578008935,12.575944970447276,-0.43156471206040065,111.8347871887272
2025-11-18 15:36:37.069239,15.712352431616337,13.804867670714428,-1.6037088654006508,111.74114675786404
2025-11-18 15:36:37.137739,10.381235472709212,14.487780134568503,4.410320557360548,111.67280387108076
2025-11-18 15:36:37.172762,10.467578476524078,14.374830781493914,4.211028200471094,111.35276802782755
2025-11-18 15:36:37.249294,8.870773385107452,13.52438557918217,4.957388089575976,110.63561223640136
2025-11-18 15:36:37.279450,6.657668501357223,12.125295436788477,5.771402830932511,110.11220053690886
2025-11-18 15:36:37.333017,4.9322433202061156,10.622846060485056,5.9943786357801985,109.20068558413186
2025-11-18 15:36:37.387590,2.028307313393232,8.328627315096673,6.604095897204699,108.53542205806116
2025-11-18 15:36:37.446507,-0.4791480874463132,8.815082828882227,9.5980068118298,107.22320559776381
2025-11-18 15:36:37.495071,-2.856878636269663,6.767403956539435,9.928058488310358,104.61213654887979
2025-11-18 15:36:37.547599,-1.5477561665291681,7.508945938499758,9.360478000530184,102.70646402317834
2025-11-18 15:36:37.605113,-0.008636573597222696,7.640924686292184,7.953337155390664,99.2786429305761
2025-11-18 15:36:37.671416,3.815926723488458,4.806816060919691,1.2946652329324908,96.7768689993245
2025-11-18 15:36:37.729680,2.8391046431474973,2.3933766173808992,-0.1419521302653401,94.95096483630005
2025-11-18 15:36:37.764774,6.436188192989565,17.582379587451786,11.44996728996348,93.73720875842264
2025-11-18 15:36:37.818494,15.335827773263402,25.613401045703156,10.581349167941013,92.85135642468049
2025-11-18 15:36:37.872466,15.023050810071988,24.372294989328953,9.653020074758224,92.8667053207846
2025-11-18 15:36:37.925862,10.312502483797179,18.053509879147867,8.044783290851948,92.87790761726137
2025-11-18 15:36:37.981408,10.73486892284494,10.859066064780624,0.4279730374369413,92.8860835437572
2025-11-18 15:36:38.034315,5.738680748792061,4.814460866379781,-0.6204439869110221,92.85693038538011
2025-11-18 15:36:38.089024,-1.0059545870951894,-2.718447603008057,-1.4087171204116098,92.83565313383406
2025-11-18 15:36:38.150497,-9.064677835600206,-12.014693564492656,-2.646239833391193,92.79040688065834
2025-11-18 15:36:38.314416,9.037901449948082,4.4505730047622585,-4.283552549684566,92.69524825511144
2025-11-18 15:36:38.357577,11.54955856710895,7.308949668017873,-3.9368330035898182,92.62579732336962
2025-11-18 15:36:38.415217,14.34567753658567,11.175182371701034,-2.8667192693833785,92.54539180895154
2025-11-18 15:36:38.485886,15.342596787521861,12.065939261031625,-2.9728816309889785,92.41376616651723
2025-11-18 15:36:38.528496,15.90753894266033,11.344750568217131,-4.2590124789419415,92.31770000902725
2025-11-18 15:36:38.573689,15.573225613201943,11.88582874694078,-3.383620970759906,92.23407891014176
2025-11-18 15:36:38.630544,14.789855420625566,11.320890399070471,-3.1651891260538365,92.17304857056297
2025-11-18 15:36:38.684826,12.029957347034072,11.350448509686487,-0.3757329418463273,92.43378247574947
2025-11-18 15:36:38.739559,10.888178971860667,9.19938482341232,-1.3850182529470887,93.38591801428265
2025-11-18 15:36:38.789296,8.292202749729668,8.182116218016537,0.1936893637881268,94.0808282225371
2025-11-18 15:36:38.844034,6.564732404593953,7.540390039635215,1.2794335305425193,95.82261800959168
2025-11-18 15:36:38.905851,4.663156822650867,6.830963873109333,2.4715829459597236,97.09385246589773
2025-11-18 15:36:38.957087,3.487774389888929,5.199269488569808,2.0152709941821367,100.41794063638918
2025-11-18 15:36:39.005274,-0.36244283284226864,3.5955811331141083,4.261799861457635,107.80677535089671
2025-11-18 15:36:39.065040,-1.8944474275199568,5.069956624283508,7.268179947304723,113.19947046878588
2025-11-18 15:36:39.128199,-0.0800388470651221,6.119407167510112,6.503221910076492,124.23500074983531
2025-11-18 15:36:39.167798,5.959308541496349,2.8714277353899895,-2.7841049106051017,132.2892139741616
2025-11-18 15:36:39.229192,5.366997460810355,7.983113828981019,2.9198922636719224,140.81506234053813
2025-11-18 15:36:39.275238,21.054415231945224,14.097023394900393,-6.653615941543573,145.6598031287176
2025-11-18 15:36:39.334303,15.914127990718814,18.32766396230181,2.717311867084253,149.19570709806248
2025-11-18 15:36:39.405195,7.438638837400806,11.567631085279299,4.432768143379751,144.7360937641315
2025-11-18 15:36:39.474554,-1.0182700982316213,1.6251151049659995,2.9471610986988788,141.4812726749078
2025-11-18 15:36:39.492671,-3.850763135224605,-1.7847566290744012,2.3697824016514617,137.24168385955454
2025-11-18 15:36:39.545025,-3.732527687738392,-3.833497960548204,0.20280562269144614,134.23929941048664
2025-11-18 15:36:39.620019,-7.133934482360441,-8.709064819438483,-1.2713544415767837,132.04802777076293
2025-11-18 15:36:39.660383,-13.525539621434099,-15.970492798167077,-2.1411772812317205,130.4298308415764
2025-11-18 15:36:39.706813,-20.758027772268434,-24.69091831093997,-3.6291146431702783,129.2487998648412
2025-11-18 15:36:39.760912,-23.380573831432688,-28.02185589395595,-4.337506167022005,128.3517114353417
2025-11-18 15:36:39.841851,0.48083445111296896,-1.6654014030050384,-1.8424599586167494,127.6645582722449
2025-11-18 15:36:39.884244,-7.477733162736774,-2.8171567988292434,4.9643522594087885,127.163043804665
2025-11-18 15:36:39.923735,-4.148940306468239,1.2999218064026872,5.752638008372184,126.74838846770945
2025-11-18 15:36:39.995290,3.117133408848935,5.609095333180248,2.7957378198325706,126.44575484581765
2025-11-18 15:36:40.035024,6.52806420559391,7.679076728572527,1.4547884184798745,126.0898014708655
2025-11-18 15:36:40.085518,9.341618652689505,9.32940056262791,0.29155780543966353,125.82730954917497
2025-11-18 15:36:40.143783,11.602932425993831,10.576398281980584,-0.7227582485119894,125.63573145069495
2025-11-18 15:36:40.271075,11.66934113075829,10.97596676597869,-0.3895984692783427,125.83360463041754
2025-11-18 15:36:40.378943,6.443810639682361,9.848327304959987,3.708292560778884,126.54534918640456
2025-11-18 15:36:40.408048,6.00139068277742,9.315502071253713,3.6178872839775504,127.06481152932611
2025-11-18 15:36:40.461957,4.674382042076988,8.331115863663873,3.9605097170881436,127.65195817661515
2025-11-18 15:36:40.516062,2.4756154834285464,6.481568667048256,4.3097290791209675,128.68293186233313
2025-11-18 15:36:40.627712,-0.10261463886529443,4.136139589495087,4.542530123861639,129.43538160257958
2025-11-18 15:36:40.670645,0.6676209613318178,5.83998482223589,5.47613975640533,131.15432876878003
2025-11-18 15:36:40.679340,5.59492205443879,9.381268778237459,4.090122619299927,132.40889168015383
2025-11-18 15:36:40.736047,2.0757780801298056,3.0806503098537013,1.3086481252251536,133.68653595174328
2025-11-18 15:36:40.788682,0.08144604935792987,5.870515182036499,6.092845028179827,133.49516684541413
2025-11-18 15:36:40.838063,14.661581110427907,17.463989329198057,3.106184114271408,133.35549729192098
2025-11-18 15:36:40.911476,13.34483905495676,19.944953365572164,6.903890206116663,126.10252540767033
2025-11-18 15:36:40.966955,6.457495321484973,13.136889202666541,6.983169776682827,120.80898893248013
2025-11-18 15:36:41.001323,2.705321820889045,6.003143034609778,3.601597109221991,115.327298509721
2025-11-18 15:36:41.055012,0.6781850021334273,1.2664697982227437,0.8920606915905744,111.44809110157075
2025-11-18 15:36:41.108330,-2.8779732407963152,-3.1498443376410394,0.031904798656533784,108.61687567187073
2025-11-18 15:36:41.163649,-10.616503440489,-11.966729912039373,-1.0464505760491152,106.55863536400648
2025-11-18 15:36:41.217483,-17.776257079340848,-20.446067508268477,-2.3660345334263715,105.05644146083614
2025-11-18 15:36:41.273244,-23.124937816623664,-27.288257304236378,-3.8595435921114563,103.96817925839969
2025-11-18 15:36:41.325310,-6.552940242881721,-5.971154095711867,0.8855620426711122,103.19012722280786
2025-11-18 15:36:41.378604,-9.270005214412745,-2.1782202302518687,7.395560879662134,102.62227077779062
2025-11-18 15:36:41.432333,-0.9334246760470126,2.9371170623677854,4.174317633916056,102.2132274030846
2025-11-18 15:36:41.487257,5.938532300954085,7.401442694007929,1.7666862885551016,101.91468963698026
2025-11-18 15:36:41.551729,7.740264815167795,8.661837239455956,1.2253483197894184,101.6184584014245
2025-11-18 15:36:41.595251,9.833941449332984,9.93560097465175,0.405435420820024,101.43737618184787
2025-11-18 15:36:41.650169,11.902542655346203,11.280015351414432,-0.31875140843051225,101.3052144487483
2025-11-18 15:36:41.706138,11.583174137087655,11.956178015001498,0.6767797734151015,101.43568824678914
2025-11-18 15:36:41.763246,13.504474937027299,10.334154790135772,-2.866544251390269,101.53091373780444
2025-11-18 15:36:41.811852,10.18312563265056,9.085070888704603,-0.7942788484446988,101.79762750555892
2025-11-18 15:36:41.864672,8.107831385807955,8.640659063368766,0.8366035730620682,102.15167905716771
2025-11-18 15:36:41.936395,5.656700851207949,7.768381412069651,2.4154564563629597,102.4100813827863
2025-11-18 15:36:41.975298,4.30890552918253,6.561026363108085,2.555896729426813,103.2848714931315
2025-11-18 15:36:42.042289,3.711953115903616,7.2061393268124325,3.7979621064100746,103.92333162108298
2025-11-18 15:36:42.082944,1.219733112954931,5.3916503304715455,4.475693113017873,106.8342214968743
2025-11-18 15:36:42.138858,2.32332116972983,7.311188827560129,5.291643553331557,113.53246105763174
2025-11-18 15:36:42.191530,2.6395656806932135,8.138760389446466,5.802970604254511,118.42112959244696
2025-11-18 15:36:42.242976,6.709754345413145,6.988067323698329,0.5820888737864411,125.92526996177003
2025-11-18 15:36:42.372071,3.0900837880363197,4.713859528825734,1.927551636290672,131.40212019556384
2025-11-18 15:36:42.404388,-1.088822447953091,5.1068407902633615,6.49943913371771,134.77800602990283
2025-11-18 15:36:42.453586,9.925529991054557,13.141236363904742,3.5194822683514433,131.001266841291
2025-11-18 15:36:42.464892,8.339772276181984,14.770389853064454,6.734393472383728,128.24483720510216
2025-11-18 15:36:42.512029,-1.3313328284242143,7.299188900581984,8.934297624507456,123.3315964422145
2025-11-18 15:36:42.566006,-0.09100352352923258,2.316155989891988,2.7109354089224786,119.74569819184217
2025-11-18 15:36:42.620755,-1.367663701154718,-2.3954124611732652,-0.7239728645172894,117.13125419106655
2025-11-18 15:36:42.673835,-3.333286566808782,-5.852944955569855,-2.2158824932598153,115.22852160192815
2025-11-18 15:36:42.729121,-8.022817483103694,-12.257797539329236,-3.931204160724284,113.8398240412771
2025-11-18 15:36:42.781185,-13.879423793367181,-18.728487077875315,-4.545287389006876,112.780365197028
2025-11-18 15:36:42.835801,-18.76492097783059,-24.878550938988333,-5.809854065656483,112.00712574077443
2025-11-18 15:36:42.901517,-13.289040211107125,-17.181728874889274,-3.588912768280891,111.39145204663691
2025-11-18 15:36:42.968417,-3.8372498410133886,-11.611556125898908,-7.470530389384261,110.88537362096395
2025-11-18 15:36:42.999113,4.571426492999365,-4.558263121274101,-8.825913718772208,110.51601542568096
2025-11-18 15:36:43.051641,10.998013021740494,2.4091489930227947,-8.28508813321644,110.18430571252793
2025-11-18 15:36:43.107674,11.844751966506523,5.230922082592911,-6.3100539884123545,109.92329850409078
2025-11-18 15:36:43.161814,13.152553504291065,7.685610267906341,-5.163167340883466,109.73280401435659
2025-11-18 15:36:43.213960,14.516446944638984,9.53803421756505,-4.674636831572676,109.60187748070712
2025-11-18 15:36:43.267769,15.765358226253834,10.9569711121772,-4.504611218575376,109.5063215634218
2025-11-18 15:36:43.322173,12.927742114662879,13.419324696971866,0.7953584778102458,109.32311506178667
2025-11-18 15:36:43.377082,11.469181994473688,12.030474282329429,0.8650681833569989,108.87872329097081
2025-11-18 15:36:43.430066,10.416153485203628,11.327408845406868,1.2150312557044982,108.55438671754564
2025-11-18 15:36:43.485026,8.374543500060282,10.327240723932054,2.2564731193730294,108.02320141322889
2025-11-18 15:36:43.542513,6.058733554001746,8.238695096622223,2.483737438121735,107.63551911852846
2025-11-18 15:36:43.596005,2.4591234362979173,1.0276785664491204,-1.127668974347539,107.15265600718703
2025-11-18 15:36:43.660534,-0.7200903571935191,0.30126846825882425,1.3251347209536013,106.92721478443855
2025-11-18 15:36:43.699156,-1.024262371631873,2.8289470612509504,4.156985328384081,106.76267790842758
2025-11-18 15:36:43.755737,0.5881208846835195,3.6793327148510864,3.394987725668825,107.62596030276654
2025-11-18 15:36:43.810910,3.996084276457135,1.6669965413186385,-2.0253118396372387,108.25602159567461
2025-11-18 15:36:43.863008,1.8440383907825764,-0.6568395917717815,-2.1971020870531,108.71586791644404
2025-11-18 15:36:43.917535,3.229380496006532,7.647157930721731,4.721553330216456,106.37693739962197
2025-11-18 15:36:43.972930,13.412746880516845,17.738260246797672,4.629289261782085,104.66988349105486
2025-11-18 15:36:44.038574,13.934224668048175,17.000566094347004,3.3701173218000866,100.43066997234928
2025-11-18 15:36:44.117217,3.9049530564591386,9.223106613689257,5.621929452731377,97.33670631917266
2025-11-18 15:36:44.142745,-3.444213543970455,2.275971302959096,6.023960742430809,95.0785961662059
2025-11-18 15:36:44.187703,-4.727361832870163,-1.917999181022842,3.113138547348579,93.47645505417313
2025-11-18 15:36:44.242936,-8.43055160800358,-7.800422055423664,0.9339054480811733,92.3071423158508
2025-11-18 15:36:44.296716,-12.811463969823087,-14.66960405682692,-1.5543641915025743,91.43751730469376
2025-11-18 15:36:44.392184,-19.36949598124758,-23.59926526170228,-3.925993384953439,90.8028268923008
2025-11-18 15:36:44.408350,-22.625937832367228,-26.029575326946652,-3.0998615990781664,90.32609422683709
2025-11-18 15:36:44.464133,-3.064445965217896,-12.084486773632227,-8.716264912913072,89.97275072811317
2025-11-18 15:36:44.510424,5.926330765714198,-4.899293339624066,-10.521848209837005,89.7148651704938
2025-11-18 15:36:44.566137,10.226183121072502,1.9260211740180022,-7.996386051553242,89.50233493914857
2025-11-18 15:36:44.618294,11.65354713918274,5.210072532586274,-6.139698711095208,89.34722107001289
2025-11-18 15:36:44.672169,13.183302840036854,7.688680536284621,-5.190846408250975,89.1664731232031
2025-11-18 15:36:44.728512,15.154425969559934,9.441827902260092,-5.408822171798584,89.05886941607423
2025-11-18 15:36:44.780416,16.588373417591107,10.23765916387665,-6.0469383582131995,88.98033551884691
2025-11-18 15:36:44.834741,5.671940900377221,12.81931616571615,7.451151160840188,89.12023207646598
2025-11-18 15:36:44.891582,5.0902055772951025,11.575495627597908,6.789065945804063,89.22233471002437
2025-11-18 15:36:44.945946,5.943117332920835,10.910150085146293,5.270808647726716,89.63725050983703
2025-11-18 15:36:44.996312,5.488101002860018,9.892163088047294,4.7078379806885335,90.58574757529823
2025-11-18 15:36:45.051610,3.757533291706666,7.783342540896815,4.329585144691406,91.27800226658474
2025-11-18 15:36:45.112423,2.372681725190917,7.393466388963603,5.324560559273944,93.26369609387802
2025-11-18 15:36:45.157769,1.0494335378327457,5.9113401181815215,5.1656824758500335,98.88415431015164
2025-11-18 15:36:45.216486,2.761625807585799,7.054080681591243,4.596230769506701,102.98621082573482
2025-11-18 15:36:45.289949,1.7938858589213216,7.42997232384379,5.939862360423727,112.75018596168775
2025-11-18 15:36:45.320928,5.992714718606237,5.272840980150784,-0.416097842954195,119.87636256210135
2025-11-18 15:36:45.386440,3.95622885334386,1.6136493056890782,-2.0388036521535238,128.035568807014
2025-11-18 15:36:45.430105,1.1227317500091964,11.08551530156272,10.266559447054783,130.69731057820718
2025-11-18 15:36:45.483668,16.20622844861451,20.563574267248946,4.661121714135693,132.63996627551387
2025-11-18 15:36:45.537161,17.002345031593695,18.51702338103481,1.818454244942374,127.1363993205141
2025-11-18 15:36:45.589439,5.749926438272707,10.247060733842483,4.800910191071034,123.1196551658577
2025-11-18 15:36:45.669371,0.027808478638389644,2.745983237641174,3.0219506545040424,118.81836740189283
2025-11-18 15:36:45.710942,-3.1934475473634216,-2.2732458409161955,1.223977601948484,115.8303867250579
2025-11-18 15:36:45.751077,-5.972421224846757,-6.5917356045544615,-0.31553848420644653,113.6496275890222
2025-11-18 15:36:45.805896,-10.210266947702252,-12.308409324889093,-1.794366481685583,112.05801408018306
2025-11-18 15:36:45.897607,-16.545442075518643,-19.6094986921417,-2.7602807211217977,110.89638484765601
2025-11-18 15:36:45.913886,-18.592468046686125,-24.002713034507686,-5.106469092320302,110.04587540606917
2025-11-18 15:36:45.992469,-2.365818339222198,-4.459995392066055,-1.7904011573425995,109.43864418397607
2025-11-18 15:36:46.021202,-12.807420340821718,-4.431678474319586,8.67951776200339,108.99546024857227
2025-11-18 15:36:46.076469,-5.957944469675213,-0.5145793326874522,5.747141032489019,108.68010989267714
2025-11-18 15:36:46.129706,3.348445170767138,4.298591596152323,1.253922320886443,108.44995339434172
2025-11-18 15:36:46.185828,5.990350531041027,6.769832297331769,1.0832576617919996,108.26846729314093
2025-11-18 15:36:46.246367,8.369457359881734,8.391872240058724,0.32619077567824833,108.17113109709135
2025-11-18 15:36:46.293872,11.974894601616125,9.9767099076337,-1.6944087984811675,108.10009087904473
2025-11-18 15:36:46.347188,20.697116465657587,12.514301288249204,-7.879039281907125,108.16440978830178
2025-11-18 15:36:46.400233,17.8704486052509,12.50434506114958,-5.0623276486000615,108.21135254468209
2025-11-18 15:36:46.466733,12.41244145340599,10.947414670639816,-1.1612508872649157,108.35637747069086
2025-11-18 15:36:46.515452,8.53345158786752,9.483785941719566,1.254110249353304,108.63782454977809
2025-11-18 15:36:46.570805,7.876226769802475,8.929323283867763,1.356872409566546,108.84323695213789
2025-11-18 15:36:46.615829,4.800762604429488,6.225961606106289,1.728974897178058,109.42270429488053
2025-11-18 15:36:46.673018,3.8000991559454302,6.411624130110226,2.915300869666054,109.84562493540398
2025-11-18 15:36:46.723707,0.6422938892355949,4.264824133877303,3.926306140142966,111.52128136983083
2025-11-18 15:36:46.790214,-1.1573816683830749,5.938263342454248,7.399420906338581,115.26210470417936
2025-11-18 15:36:46.832296,0.7544437318181265,7.634523731786428,7.183855895469559,117.99232137723811
2025-11-18 15:36:46.887636,3.6525573603015298,2.813323617530248,-0.535457847270024,121.20876069609403
2025-11-18 15:36:46.940165,-0.31890141280730555,1.1936248688243287,1.8163021771328922,123.55625895285266
2025-11-18 15:36:47.017317,9.093989675094805,20.621658556454918,11.831444776861371,123.58379121111102
2025-11-18 15:36:47.047665,16.081306342995127,26.80508167664862,11.027551229154751,118.01165187303195
2025-11-18 15:36:47.105047,11.089815921574228,21.799728261456316,11.013688235383347,113.94486059054907
2025-11-18 15:36:47.172759,2.9986725233921536,13.165046354094365,10.47014972620347,109.58813530639418
2025-11-18 15:36:47.222178,-3.822149435246101,6.0272710072541065,10.153196338001466,106.4084064211711
2025-11-18 15:36:47.425251,-13.39815232479965,-8.70050555171727,5.001422668583637,104.27140727043115
2025-11-18 15:36:47.498151,-19.169762778064687,-17.81026674618627,1.663271927379676,102.7117317150296
2025-11-18 15:36:47.535314,2.3406005451067067,4.713847079666333,2.6770224300608847,101.6085325069671
2025-11-18 15:36:47.584706,0.5769956286872988,5.225163524249224,4.951943791063183,100.82228035272419
2025-11-18 15:36:47.639158,3.9901147574344518,7.7422924456862585,4.055953583753065,100.248439102048
2025-11-18 15:36:47.700611,8.751184764650954,10.887189721265765,2.439780852116068,99.79720588444616
2025-11-18 15:36:47.753420,9.887568592487623,11.733532507728023,2.149739810741658,99.4084417569702
2025-11-18 15:36:47.805072,9.9413197077695,11.210657485113055,1.573113672844813,99.1247046734843
2025-11-18 15:36:47.856388,10.318380996277124,11.38563261691842,1.3710275161425534,98.93112873623431
2025-11-18 15:36:47.910777,10.236980359648573,11.060577193682748,1.1273727295354332,98.78984854090231
2025-11-18 15:36:47.986388,10.799276874438796,12.206612121633789,1.711111142696251,98.88395010261956
2025-11-18 15:36:48.017566,12.64209935790267,14.316951027270353,1.9786275648689413,99.22548731688221
2025-11-18 15:36:48.075145,10.394558564434577,13.473965533062161,3.383182864128842,99.47475613112692
2025-11-18 15:36:48.129697,7.709110007110375,11.910615120544682,4.505281008935564,99.85659902356201
2025-11-18 15:36:48.179538,6.379166228572573,10.42810767028805,4.352717337216735,100.13528468664663
2025-11-18 15:36:48.242306,4.621511821133643,6.505845274157998,2.1881093485256136,100.61694258491661
2025-11-18 15:36:48.288416,1.2815404639287409,5.247913730444186,4.270149162016703,101.5466119033772
2025-11-18 15:36:48.342890,-4.737393903935356,1.0397794499262307,6.0809492493628445,102.225125280469
2025-11-18 15:36:48.395832,-1.4809688577583504,2.8603846701180498,4.645129423377658,102.82029185229476
2025-11-18 15:36:48.467931,4.323529468729542,0.915922406005711,-3.103831167222573,103.25467047764323
2025-11-18 15:36:48.505150,4.101126942948333,1.2882032648017137,-2.509147782645361,103.57169901905036
2025-11-18 15:36:48.567280,5.630080532734944,6.639076670882405,1.3127720336487192,101.70126500229344
2025-11-18 15:36:48.634853,15.356638577455815,14.851761590227627,-0.20110109172693041,100.33614035406026
2025-11-18 15:36:48.756773,4.0120767438967935,6.703748192019326,2.9954473436237903,97.68915815498985
2025-11-18 15:36:48.864803,0.3243037879956403,1.2963757205448632,1.2758478280504808,95.79779807149316
2025-11-18 15:36:48.885118,-2.885006881901086,-3.19992703207351,-0.011144254671165699,94.41740066343846
2025-11-18 15:36:49.073150,-12.825271886547108,-15.518288472767932,-2.389240690719565,93.4018215036649
2025-11-18 15:36:49.095128,6.161929805245114,3.089601958557452,-2.768551951186404,92.65790580043358
2025-11-18 15:36:49.148255,-5.296953277716158,1.500783091834695,7.1015122650521105,92.11496354553856
2025-11-18 15:36:49.201238,-1.2807177579649185,5.0258747253613425,6.610368378827519,91.70519270289697
2025-11-18 15:36:49.255610,6.151759175023929,8.622855727361992,2.7748724478393214,91.40612399883867
2025-11-18 15:36:49.314755,8.001731177779465,9.906525860434577,2.20857057815637,91.14462556905892
2025-11-18 15:36:49.367885,8.969020257575195,10.044428943417985,1.379184581344048,90.97808662354873
2025-11-18 15:36:49.423524,11.01238641705784,11.323979024263949,0.6153685027073665,90.85653920868572
2025-11-18 15:36:49.477875,9.782578051019165,11.471561447522967,1.9927592920050605,90.89750356468357
2025-11-18 15:36:49.572163,10.315190713695923,12.847512766534392,2.8360979483397264,90.92740114544358
2025-11-18 15:36:49.579625,9.621684976945208,11.67377220205524,2.35586312061129,91.06809044226429
2025-11-18 15:36:49.635494,7.881377871329271,10.678396380310017,3.100794404482005,91.31665600601627
2025-11-18 15:36:49.790346,6.019639027691936,9.599819436564353,3.883956304373675,92.05729339723803
2025-11-18 15:36:49.803900,5.165018051620165,9.892282019957348,5.031039863838441,92.59784299647617
2025-11-18 15:36:49.985249,7.697908314449876,11.658437900399168,4.26430548145055,98.67914802355335
2025-11-18 15:36:50.066466,1.7510311531696487,4.209459159239413,2.762203901571022,106.17842060178555
2025-11-18 15:36:50.193971,6.2582951500083075,11.834562033508561,5.880042779001512,103.64969111285063
2025-11-18 15:36:50.220981,1.7470728666162438,7.806483293671512,6.363186322556526,101.80411360349535
2025-11-18 15:36:50.277194,-10.121299127000057,0.566373322234818,10.991448344736133,98.87671648333344
2025-11-18 15:36:50.329360,-12.630271074291732,-3.627134836380921,9.306912133412071,96.74017387979802
2025-11-18 15:36:50.448100,-12.455034033646935,-6.433590511455007,6.325219417693186,95.2969987036413
2025-11-18 15:36:50.649125,-17.059002365197504,-14.553543699990124,2.8092345607086378,94.27072188732927
2025-11-18 15:36:50.715392,-16.618314841280206,-10.142931549007995,6.779159187773469,93.54061106287554
2025-11-18 15:36:50.765007,-9.693800710524222,-4.186849799385609,5.810726806639871,93.0077442130023
2025-11-18 15:36:50.813250,-0.5448944287458932,2.8869888574427627,3.735659181689914,92.6080284042473
2025-11-18 15:36:50.867645,2.785910825556117,5.767744773377752,3.2856098433228924,92.31629830421116
2025-11-18 15:36:50.921295,4.938879011583028,7.867673247476461,3.2325701313946906,92.1195902756026
2025-11-18 15:36:50.974333,8.705802155448659,10.288858523426242,1.8868322634788415,91.99223351555884
2025-11-18 15:36:51.049898,21.162513856534858,12.017041150600132,-8.841696810433467,91.89928297536608
2025-11-18 15:36:51.082367,22.99967706368528,12.80975962585632,-9.886141542327701,91.75579986167759
2025-11-18 15:36:51.136554,15.949266289255242,10.974380746422979,-4.671109647331005,91.65107960245223
2025-11-18 15:36:51.277435,12.82033515500848,10.47193196652181,-2.044627292985413,91.46118456277873
2025-11-18 15:36:51.342703,8.483551182753832,7.838348510197085,-0.3414267770554886,91.43065333242521
2025-11-18 15:36:51.362169,6.0676976142207835,6.778105992587941,1.0141842738684153,92.08916395752385
2025-11-18 15:36:51.414449,3.2749903560310303,4.62417614662322,1.6529616860934473,92.5697738466697
2025-11-18 15:36:51.460940,3.158463101327001,4.362170834046563,1.5074836282208204,94.9791343232373
2025-11-18 15:36:51.517636,5.187830678041797,6.195987352877869,1.31193257033733,99.25004387082845
2025-11-18 15:36:51.569997,-0.519884691386836,-1.335242098114195,-0.5115815112261011,102.3671406737958
2025-11-18 15:36:51.621803,2.2446604893045055,3.4587724820083947,1.5178878882051472,104.64213441243555
2025-11-18 15:36:51.688306,13.914932156967506,9.255232406425112,-4.355923855041136,102.68783434577017
2025-11-18 15:36:51.831628,8.86879940310985,6.686181383357266,-1.8788421242513262,99.3217789807386
2025-11-18 15:36:51.839316,6.284499086650532,1.5902945371330448,-4.39042865401623,96.8650843820742
2025-11-18 15:36:51.889494,-2.02793043006489,-3.280391647730297,-0.9486853221641489,95.07208108990926
2025-11-18 15:36:52.154051,-9.880276021397215,-12.856630879552998,-2.6725789626545255,93.80129064469111
2025-11-18 15:36:52.161832,-14.815085868397441,-18.831315105460938,-3.712453341562239,92.8873199428308
2025-11-18 15:36:52.260276,4.854907589813626,-0.1273093568160526,-4.678441051128421,92.22026410354556
2025-11-18 15:36:52.356575,8.915425025964016,5.966790495270143,-2.644858635192615,91.74152222926386
2025-11-18 15:36:52.386615,10.053376196992172,8.057048460887005,-1.692551840603909,91.39211544620412
2025-11-18 15:36:52.450904,11.102248474801156,9.276541260546242,-1.5219313187536558,91.11819214122625
2025-11-18 15:36:52.645733,14.000382707371893,10.188592749008745,-3.50801406286189,91.11548495333045
2025-11-18 15:36:52.708628,11.032838731780533,9.240022805196736,-1.4890400310825394,91.27560285618529
2025-11-18 15:36:52.746103,8.981348385326804,9.107970094206411,0.43039760438086555,91.39246391295092
2025-11-18 15:36:52.810371,7.1126969872224635,8.22760489858011,1.4186838068589038,91.61013077312236
2025-11-18 15:36:52.862355,5.22525195463108,6.339016005359723,1.4175399462299012,91.97161073780444
2025-11-18 15:36:52.910710,4.902833792168578,6.7851474929423485,2.1860895962750284,92.23543464456088
2025-11-18 15:36:52.989101,2.9323101749608567,5.32840804946818,2.6998737700085815,93.59235815723332
2025-11-18 15:36:53.016586,2.2821318201699885,5.952196284583314,3.9738403599145835,97.41663901645552
2025-11-18 15:36:53.070443,7.362425743269311,8.405665079337762,1.347015231569709,100.20776664561708
2025-11-18 15:36:53.124814,3.2445071018510445,1.8011542941851548,-1.1395769121646318,103.53349893826271
2025-11-18 15:36:53.178866,0.2778145241090244,3.4712037973996326,3.497165168791866,105.96076399302729
2025-11-18 15:36:53.239947,11.86204259005626,12.504172069890256,0.9459053753352533,104.15812163232658
2025-11-18 15:36:53.287358,14.386608871037224,16.35950459196175,2.2766716164257828,98.03639529395514
2025-11-18 15:36:53.360930,8.867697064254017,9.931303155219204,1.3673819864664454,93.5684913532732
2025-11-18 15:36:53.449124,4.039123392385572,4.1424320014816995,0.4070845045973855,89.90778822264292
2025-11-18 15:36:53.469366,-0.0335597712559732,-0.8575021550896169,-0.5201664883323858,87.23604678256925
2025-11-18 15:36:53.520715,-3.4853109887886236,-4.751125041508758,-0.9620381572188768,85.38605068744073
2025-11-18 15:36:53.556604,-9.309470968237004,-12.026059710748896,-2.412812847010634,84.02773784299279
2025-11-18 15:36:53.650946,-15.712230417028096,-20.154984859505603,-4.13897854697625,83.03638165113625
2025-11-18 15:36:53.775680,-16.288322733995425,-14.117114495763015,2.4749841337336678,82.31824961692473
2025-11-18 15:36:53.825437,-8.377354719208668,-7.236044932226071,1.445085682483855,81.79142385058185
2025-11-18 15:36:53.879360,-0.5719946439778703,-0.792431361664991,0.0833391778141373,81.40692333759034
2025-11-18 15:36:53.934050,3.263950572792702,3.367131091874012,0.406956414582568,81.09387928122669
2025-11-18 15:36:53.988230,7.678593155815683,6.468289714776068,-0.9065275455383572,80.86540602127934
2025-11-18 15:36:54.041925,10.503388645193784,8.089284962730083,-2.1103277869624426,80.77159840895729
2025-11-18 15:36:54.108836,10.567012717452586,9.53074276179455,-0.7324940601567791,80.90034754049157
2025-11-18 15:36:54.152559,7.574376374615088,11.251908675469581,3.9813081963557506,80.99431429437027
2025-11-18 15:36:54.209779,5.817702071242852,10.762435416713753,5.248509240972159,81.36817186539338
2025-11-18 15:36:54.257112,5.274984815673605,10.417604574154787,5.44639565398244,81.64102949124936
2025-11-18 15:36:54.316289,5.455053380431418,9.614624742483437,4.463347257553277,82.45072597335457
2025-11-18 15:36:54.433494,3.964061372363555,8.538081638755475,4.877796161893178,84.45459490917528
2025-11-18 15:36:54.593567,9.283755343803197,9.683872989258308,0.7038935409563694,96.23167037346684
2025-11-18 15:36:54.645431,5.264419600397964,2.752301486070653,-2.2083422188260533,108.40126242646147
2025-11-18 15:36:54.695013,0.9601996578318426,4.744847511149915,4.088423748819331,117.28316359039673
2025-11-18 15:36:54.740640,9.41171523977745,11.283172845569572,2.1752335012933797,119.88071765495079
2025-11-18 15:36:54.898962,5.499821186262034,7.327050508572438,2.131005217811662,114.87673670209006
2025-11-18 15:36:54.907547,5.373693053904153,1.6996087189239306,-3.370308439478965,110.04402964185283
2025-11-18 15:36:55.007135,0.7310423957725183,-3.8725271198159543,-4.299793620087215,106.51690841409618
2025-11-18 15:36:55.011840,-4.9927630875422,-9.042188036329012,-3.745649053285554,104.06963431562144
2025-11-18 15:36:55.064382,-10.733634511955142,-15.534272686315685,-4.496862278859285,102.28350651700202
2025-11-18 15:36:55.118551,-15.54704926904235,-20.8720823273392,-5.0212571627955915,100.97991223837562
2025-11-18 15:36:55.205582,-19.046623279056885,-24.178594345912856,-4.8281951713547135,100.03119361399877
2025-11-18 15:36:55.250721,-18.383311593134582,-22.239453593404562,-3.552366104768722,99.3387772193164
2025-11-18 15:36:55.284176,0.35851872882787106,-5.883292594090147,-5.93803542741676,98.8388245390961
2025-11-18 15:36:55.333912,6.088180015846902,1.0814761668185504,-4.702927953527094,98.47393718107924
2025-11-18 15:36:55.389834,11.54467417607443,7.380050036697778,-3.8608482438753944,98.20222328522686
2025-11-18 15:36:55.450421,13.712483410493212,10.394691800081556,-3.014015714910397,97.9552864680536
2025-11-18 15:36:55.494148,14.456674188906758,12.193769806643575,-1.9591284867619256,97.77506116597942
2025-11-18 15:36:55.566266,14.750094775726854,13.302998275663814,-1.143320604561782,97.60300141701737
2025-11-18 15:36:55.658747,15.313140982379991,13.643852936722688,-1.3655121501560457,97.47742467805074
2025-11-18 15:36:55.717861,10.66335979120635,13.162806692796918,2.803222797091826,96.98324051949385
2025-11-18 15:36:55.784602,10.212315788997431,12.954678561614351,3.0461386681181777,96.62256328117837
2025-11-18 15:36:55.818254,8.218310271373799,11.990299670480596,4.075765294608055,96.01892841231711
2025-11-18 15:36:55.879451,5.838877689876822,9.91241676617511,4.377314971799545,95.37575209407805
2025-11-18 15:36:55.926707,5.4576621218468375,7.353887297402904,2.200001071057325,94.90633385353976
2025-11-18 15:36:55.980519,2.8195416472603476,5.535763404790316,3.0199976530312265,95.11485053886645
2025-11-18 15:36:56.034217,0.19226917016443545,3.4440795559112294,3.555586281248052,95.26703514637302
2025-11-18 15:36:56.088318,5.726410450391889,6.981313118554075,1.5586785636634444,97.84733391331793
2025-11-18 15:36:56.151517,3.700039892338905,-1.0399997809562134,-4.436263777793861,102.14574547401935
2025-11-18 15:36:56.196555,3.5713261485002095,1.607732065875437,-1.6598181871235145,105.28291445041759
2025-11-18 15:36:56.253712,23.653095517877748,8.840874770456537,-14.508444851919952,104.61975034439274
2025-11-18 15:36:56.304238,27.113036860086893,15.492892327828706,-11.316368636756929,104.1357441411019
2025-11-18 15:36:56.358852,21.57583437507673,8.564153031965548,-12.707905447609924,97.06100866884663
2025-11-18 15:36:56.424102,12.771533320491391,1.2090343796182674,-11.258723045371864,90.65753991927886
2025-11-18 15:36:56.466756,4.190795248376187,-5.206273751205406,-9.093293104080333,85.98400802993274
2025-11-18 15:36:56.530738,-1.550774786831873,-9.404778225394947,-7.550227543061816,82.68652542086056
2025-11-18 15:36:56.623442,-6.486296901655795,-14.439357604191764,-7.649284807034712,80.2798782221671
2025-11-18 15:36:56.644594,-10.564315644400805,-18.537953409835822,-7.669861869933759,78.52070015186655
2025-11-18 15:36:56.701795,-14.673577194453859,-22.445943798376586,-7.468590708421469,77.2313718408077
2025-11-18 15:36:56.756211,-16.220662456493034,-21.95414572690518,-5.429707374910886,76.29036358212397
2025-11-18 15:36:56.847572,3.587959363205453,-2.6642126394751067,-5.948396107179302,75.61708236053892
2025-11-18 15:36:56.857866,10.065357748810463,3.1040450473877224,-6.657536805921483,75.12569224330218
2025-11-18 15:36:56.910423,12.990070168055407,6.983456329410094,-5.702837943144055,74.78056202928383
2025-11-18 15:36:56.955046,12.39001704146584,9.53883278070491,-2.547408365259673,74.49895370318154
2025-11-18 15:36:57.054052,11.584537079591055,10.18389120960507,-1.0968699744847266,74.29342361568888
2025-11-18 15:36:57.167815,12.864414326552723,11.201771044772485,-1.3588673862789795,74.14341875805985
2025-11-18 15:36:57.175928,1.8416202076092514,10.363894153923507,8.826049841815514,74.15280737775356
2025-11-18 15:36:57.227120,-2.042822427062528,9.772300784439725,12.118899107003513,74.44332362598107
2025-11-18 15:36:57.275037,1.028162708697466,10.157469523147446,9.433082709951238,74.65535510510017
2025-11-18 15:36:57.361519,2.6226167793513806,10.644182732823623,8.325341848973501,75.36392519736
2025-11-18 15:36:57.395644,1.5195929194822626,8.632738250391778,7.416921226410774,75.8810706776494
2025-11-18 15:36:57.437583,2.311149748577545,7.4668893121165745,5.459515459040287,77.2905028233472
2025-11-18 15:36:57.491845,0.9956315352555225,5.160531816307545,4.46867617655328,80.51283656007035
2025-11-18 15:36:57.548350,-0.21914520082671873,4.50673821446272,5.029659310790697,82.86463682109388
2025-11-18 15:36:57.602211,1.9029389615121917,4.396863438448719,2.7977003724377854,89.33583296146207
2025-11-18 15:36:57.660895,3.8456190157213523,0.20657711220091013,-3.3352660080191843,94.05879526626995
2025-11-18 15:36:57.720575,1.0194272695300177,2.1931204219959826,1.4774690479672228,101.41768191389929
2025-11-18 15:36:57.884081,0.3855042972423588,1.8577347729101126,1.7760063711690117,96.09033363109484
2025-11-18 15:36:57.921954,-3.767106129561834,-2.521120575624881,1.5497614494382113,92.20220157969379
2025-11-18 15:36:57.985707,-3.106882556391077,-4.41853706214564,-1.0078786102533055,87.77595402875158
2025-11-18 15:36:58.062264,-5.572624040034424,-8.097176475684131,-2.2207765401484494,84.67786129279557
2025-11-18 15:36:58.376265,-14.333065498584869,-17.66746154589375,-3.030620151807624,82.41673755441298
2025-11-18 15:36:58.546819,-6.312226228067779,-9.076317840926274,-2.460315717357237,80.64760170653972
2025-11-18 15:36:58.620318,0.9819603700664388,-2.3524362998168655,-3.0306207743820464,79.25374953710343
2025-11-18 15:36:58.699384,22.157690015358444,3.727564672604122,-18.126349447253066,78.24996300026578
2025-11-18 15:36:58.725161,18.063885127061322,6.251695320242086,-11.508413911317978,77.5173556317477
2025-11-18 15:36:58.781275,15.794892105885335,8.003210947600873,-7.487905262783204,77.24741978233033
2025-11-18 15:36:58.857267,13.71384435980541,8.670003653210602,-4.740064811093551,77.63394619708379
2025-11-18 15:36:58.997339,9.421018617027245,7.137580757722383,-1.9796619638036042,78.85889527927066
2025-11-18 15:36:59.045366,6.343350573149858,5.177567616156528,-0.8620070614920721,82.3653273264772
2025-11-18 15:36:59.110049,2.0537440589015334,1.1285692302747332,-0.6213989331255423,91.07863348106184
2025-11-18 15:36:59.160803,10.704540742514695,5.9759748912211395,-4.424789955792297,97.43798585204604
2025-11-18 15:36:59.242037,4.394238094125091,2.5268713263161167,-1.5635908723077168,106.15597691367111
2025-11-18 15:36:59.261336,-0.2932276994344969,4.160045311086252,4.757048906022007,112.5187485349561
2025-11-18 15:36:59.344135,11.529478433223161,12.094014193945593,0.8683116562236899,115.14451097534948
2025-11-18 15:36:59.707352,2.6130105500507685,1.6448472141223824,-0.6643874404271282,108.607719512107
2025-11-18 15:36:59.814509,3.801222190762342,9.162389829652344,5.66494353439126,103.95034847735587
2025-11-18 15:36:59.848973,3.1733273045068584,8.724500048642506,5.8549486396369055,100.59171859041453
2025-11-18 15:36:59.913418,13.354835065569556,13.602646088552632,0.5515869184843334,98.17556373835214
2025-11-18 15:36:59.956664,15.266999007933311,14.723722648354205,-0.23950046407784858,96.41214812841827
2025-11-18 15:37:00.025982,14.253057406232521,14.88089100033961,0.9316094896083458,95.1062192647878
2025-11-18 15:37:00.247967,14.225537966987915,13.363053809104949,-0.5587082623817077,94.2314404973713
2025-11-18 15:37:00.278851,12.570908714068537,12.949170266881453,0.6820374483141736,93.66052770095484
2025-11-18 15:37:00.430144,9.848137262069665,11.217912366164837,1.6735509995964302,93.43295989123726
2025-11-18 15:37:00.486785,6.341003727283543,7.806490186992194,1.769262355209909,94.04221926700848
2025-11-18 15:37:00.559750,2.571832021558291,5.762147684464457,3.4940915584074244,97.66662205150351
2025-11-18 15:37:00.601416,0.160815999777971,4.004672764235766,4.1476326599590525,100.31186990944116
2025-11-18 15:37:00.701312,5.947091826455292,3.466495924888389,-2.176820006065645,108.53442580110823
2025-11-18 15:37:00.838783,3.4318519300868675,2.480229593221534,-0.6478464413640754,118.30698785890854
2025-11-18 15:37:00.904400,7.858442667733053,18.861173333813,11.306506561581205,125.43943157089234
2025-11-18 15:37:00.921340,12.121948197031344,23.343532133248242,11.525359831718157,126.95736901621058
2025-11-18 15:37:01.002874,10.921648364915242,22.16772285498742,11.549850385573437,126.76577485234156
2025-11-18 15:37:01.029559,11.668804297295448,10.245436800567624,-1.119591601226566,126.6259410420007
2025-11-18 15:37:01.083903,11.091207559717612,4.217755530838105,-6.569676133378248,126.52388420415264
2025-11-18 15:37:01.139275,5.165241643851998,-1.3373437868466747,-6.198809535197415,126.44939865501328
2025-11-18 15:37:01.195541,0.18299339822902372,-6.145536534743728,-6.024754037471494,126.40043896390489
2025-11-18 15:37:01.255334,-4.645154385700516,-11.341644854280037,-6.392714573078264,126.37010916171857
2025-11-18 15:37:01.300248,-10.975006935282007,-17.85015893113139,-6.571376100348124,126.34797314399839
2025-11-18 15:37:01.353540,-16.512389790404043,-24.678383512828916,-7.862217826923614,126.34262355744613
2025-11-18 15:37:01.441589,-19.538658343656337,-27.40239034714717,-7.559956107989573,126.3387191949314
2025-11-18 15:37:01.461528,0.46506949045304324,2.9828430688395997,2.8215494738878144,126.34937743079718
2025-11-18 15:37:01.515897,5.536867402888306,6.03885862363987,0.8057671162528219,126.3679625265122
2025-11-18 15:37:01.574016,9.44306064854899,10.965677928110807,1.8263931750630755,126.38152674317098
2025-11-18 15:37:01.655656,14.44137994463122,13.441501029350047,-0.6961030197799163,126.40493431303366
2025-11-18 15:37:01.678915,14.436309080226735,14.182687465614316,0.050154280888839387,126.41931662037496
2025-11-18 15:37:01.871565,-20.44800489499527,15.139394475219216,35.891175265715745,126.43521658228383
2025-11-18 15:37:01.898625,-9.77170055680532,11.54428223071779,21.61975868302437,126.45222419495258
2025-11-18 15:37:01.945577,-4.970837854445385,10.414672347879737,15.68928609782638,126.29443868192902
2025-11-18 15:37:02.066938,-3.526369587831498,9.516657553847686,13.346803037180443,126.17927990539283
2025-11-18 15:37:02.087680,-2.358977765558322,8.738715958310818,11.401469619370399,125.36040709139888
2025-11-18 15:37:02.111952,-1.5775328749953434,7.471274296460362,9.352583066956965,124.76275785483813
2025-11-18 15:37:02.178419,-0.1450805020381074,7.977384296929288,8.426240694468655,121.70064889266177
2025-11-18 15:37:02.233568,-1.4721332092406554,6.095572443289286,7.871481548031199,114.68402273791799
2025-11-18 15:37:02.297581,-2.537869451966175,4.383642127965233,7.225287475432666,109.5629817252593
2025-11-18 15:37:02.422244,-0.7121884110723979,2.6658332853968556,3.6817975919705113,102.76725343503313
2025-11-18 15:37:02.482187,-3.0737432904825983,-1.8253308898097211,1.5521882961741351,97.8074333566019
2025-11-18 15:37:02.496129,-5.10488072399456,-2.3111710148285756,3.0974856046672423,98.84773413691073
2025-11-18 15:37:02.536932,-7.9845608064678775,-0.6292392162386873,7.659097485730448,99.60699119920537
2025-11-18 15:37:02.596186,2.633560458717776,9.298617965977563,6.968833402761045,102.62225333986316
2025-11-18 15:37:02.647668,4.013188987521449,7.736814027114082,4.027400935093891,104.82292368280105
2025-11-18 15:37:02.700544,16.87937649917145,5.342496973701106,-11.233103629969085,106.42906926231262
2025-11-18 15:37:02.757327,9.888047858022148,1.2449711427274162,-8.339300819793474,107.51485464855068
2025-11-18 15:37:02.806474,5.650705390570901,-2.7454454254970164,-8.092374920566659,108.30730836793555
2025-11-18 15:37:02.860713,-1.3475225066222682,-8.921325924474225,-7.2700275223506985,108.84245079850916
2025-11-18 15:37:02.947200,-8.174399608879746,-16.220123753432013,-7.741948249051009,109.23302117722778
2025-11-18 15:37:02.969147,-17.806568327760587,-26.43512941741045,-8.324785194148605,109.47485154806236
2025-11-18 15:37:03.096217,-18.127583144536143,-18.830358088868707,-0.39899904883130594,109.60272182385961
2025-11-18 15:37:03.226513,-6.455982306261115,-8.599445726713414,-1.8396875249510414,109.64471747008065
2025-11-18 15:37:03.236892,-0.9339817729196849,-2.4184441482041334,-1.1806864797831906,109.62673961346809
2025-11-18 15:37:03.307642,4.117271134184138,2.6488207813039155,-1.1646744573789647,109.58660296530797
2025-11-18 15:37:03.374243,7.713528771294225,6.465645361760862,-0.9441075140321056,109.55730948197197
2025-11-18 15:37:03.422768,9.528719187631816,8.86367468583775,-0.3612686062928078,109.48730169698865
2025-11-18 15:37:03.467610,-1.007462699190926,14.267267702136934,15.578506296829119,109.43620694999845
2025-11-18 15:37:03.569105,5.334112417915625,13.558067760187063,8.527731237772697,109.27464390884052
